contentId,contentName,space_1
5694f4426ccbf42600dd9efb,Arbeidskrav_1.pdf,KLS3551 Kulturledelse
5694f45391da2d23005669b7,Arbeidskrav_2.pdf,KLS3551 Kulturledelse
5694f49a6ccbf42600dd9f2c,Art_innh_ver_1.pdf,KLS3551 Kulturledelse
5698d7732fb0de2600f22706,forbinder m fadferd oh1.png,MRK3480 Forbrukeratferd
5696ba444dacde2600cd3745,TIMEPLAN 2016 tor OH1 ny.doc,MRK3480 Forbrukeratferd
56977f5e8b0c7f270004224f,Kap 1-3 og intro til kurset KLASSE.ppt,MRK3480 Forbrukeratferd
569523497ec1d52400bf496f,oversiktskart 2016.png,MRK3480 Forbrukeratferd
5694c5b58a8e712700a5a792,Pensum og tema for undervisning vår 2016 (003).doc,ORG3402 Organisasjonsatferd og ledelse
5694c55d8a8e712700a5a77c,ORG3402 Kursinformasjon v16.pptx,ORG3402 Organisasjonsatferd og ledelse
5694be4d8a8e712700a5a727,Choice Map.pdf,ORG3402 Organisasjonsatferd og ledelse
5695485c318e5b230050bbc4,arbeidskrav.png,MRK3480 Forbrukeratferd
569904a041a9d72100242b43,mitt kjøleskap.jpg,MRK3480 Forbrukeratferd
569a49552fb0de2600f2b2eb,image.jpeg,MRK3480 Forbrukeratferd
569a6afe2fb0de2600f2bfd8,12545930_10208536585842682_1936761789_o.jpg,MRK3480 Forbrukeratferd
569bba33e62ae22300d163ef,Spilleregler for eiendomsmegling.docx,ORG3402 Organisasjonsatferd og ledelse
569bba7ce62ae22300d16528,Spilleregler for finans.docx,ORG3402 Organisasjonsatferd og ledelse
569bbd04e62ae22300d169ec,Økt 1_intro_motivasjon_trive.pptx,ORG3402 Organisasjonsatferd og ledelse
569bbf65e62ae22300d16c2b,PILT.pptx,ORG3402 Organisasjonsatferd og ledelse
569bbbc9e62ae22300d16768,Kjølesksap.jpg,MRK3480 Forbrukeratferd
569b6a422fb0de2600f31fe5,Kulturpolitikk opplasting_LinnBirgit.pptx,KLS3551 Kulturledelse
569cc783b0e0b62400097016,Kap 4 Beslutninger KLASSE.ppt,MRK3480 Forbrukeratferd
569cdaf259395e26004c803e,Forelesningsplan KLS3551 Kulturledelse_vår.pdf,KLS3551 Kulturledelse
569d64a9aad1bf2600b0a354,Kjøleskap.jpg,MRK3480 Forbrukeratferd
569dfb422d389d22001fcdff,IMG_0384.JPG,MRK3480 Forbrukeratferd
569f646635827027001cb729,IMG_4412.JPG,MRK3480 Forbrukeratferd
569f6021c9741c2500080d69,be897b8a-4b71-498a-80cb-35263618b901.jpg,MRK3480 Forbrukeratferd
569f88f3b97e872700cfd450,12570857_10156955374890355_404844134_n.jpg,MRK3480 Forbrukeratferd
569fb31bc9741c2500081091,1453306475941472673522.jpg,MRK3480 Forbrukeratferd
569fe00735827027001cbb8b,IMG_6079.jpg,MRK3480 Forbrukeratferd
569fe1b74d946d2400ad21c1,IMG_5011.JPG,MRK3480 Forbrukeratferd
569ff69b35827027001cbc19,Kjøleskap fam. Viken.JPG,MRK3480 Forbrukeratferd
56a52a98c9741c2500082229,Økt2_organisasjon_trive.ppt,ORG3402 Organisasjonsatferd og ledelse
56a545f04d946d2400ad3305,Beslutningsmodellen norsk.pptx,MRK3480 Forbrukeratferd
56a6024ec9741c2500082993,Kap 5 Behov & motiv KLASSE.ppt,MRK3480 Forbrukeratferd
56a73663971f413300abc29b,Multitaskere.png,MRK3480 Forbrukeratferd
56a7c0de29028e2600912b66,Lederteori_2klasse.pptx,KLS3551 Kulturledelse
56a8dd8157dbd02300a5dfff,motivajonsbilde fra Nicoline OH2.jpg,MRK3480 Forbrukeratferd
56ae0ab129028e260091408c,image.jpg,MRK3480 Forbrukeratferd
56ae8affa55f242200a2db8c,Økt3_personlighet_trive.pptx,ORG3402 Organisasjonsatferd og ledelse
56af16d929028e260091422c,Økt 4_Persepsjon_Trive.ppt,ORG3402 Organisasjonsatferd og ledelse
56b0889f4377f52300235289,MRS og Ledelse .pdf,KLS3551 Kulturledelse
56b08ff857dbd02300a5fea3,Ledelse av frivillige.pdf,KLS3551 Kulturledelse
56b0901657dbd02300a5feaf,Gruppe 9 - Ledelse i omstrukturering.pdf,KLS3551 Kulturledelse
56b0936257dbd02300a5fed0,kulturledelse arb.krav 1.pdf,KLS3551 Kulturledelse
56b08fc957dbd02300a5fe96,Arbeidskrav 1 _ kulturledelse.pdf,KLS3551 Kulturledelse
56b08ef057dbd02300a5fe73,Gruppe 2 - Lederlegitimitet.pdf,KLS3551 Kulturledelse
56b0955357dbd02300a5fef4,Mål- og resultatstyring.pdf,KLS3551 Kulturledelse
56b09f4c29028e2600914a7c,Arbeidkrav 1.pdf,KLS3551 Kulturledelse
56b093d629028e2600914a29,Arbeidskrav 1 Kulturledelse.pdf,KLS3551 Kulturledelse
56b0a91e4377f523002353a7,Grupper til semesteroppgave i Kulturledelse.xlsx,KLS3551 Kulturledelse
56b08f9757dbd02300a5fe88,Gruppe13-TruerMRSkunstneriskfrihet.pdf,KLS3551 Kulturledelse
56b0f1514377f523002355ed,MRS - Ugunstig kulturpolitikk?.pdf,KLS3551 Kulturledelse
56b11173a55f242200a2e98f,arbkrav1 kulturledelse.pdf,KLS3551 Kulturledelse
56b0f7f04377f5230023560f,Funny-saying-night-before-the-exam-cartoon.jpg,MRK3480 Forbrukeratferd
56b26fbcc093352000648314,Grupper til prosjektoppgave i Kulturledelse oppdatert.xlsx,KLS3551 Kulturledelse
56b367bad4d43f260091ad23,Kap 7 Persepsjon KLASSE.ppt,MRK3480 Forbrukeratferd
56b3676dd4d43f260091acdf,Kap 6 Personlighet KLASSE.ppt,MRK3480 Forbrukeratferd
56b4bae17d442d26004a6221,Motivasjonsteorier oversikt.pptx,MRK3480 Forbrukeratferd
56b3cd68d4d43f260091b377,Arbeidskrav 1 (gruppe 3).pdf,KLS3551 Kulturledelse
56b109ba57dbd02300a602ba,AK1 - KL.pdf,KLS3551 Kulturledelse
56b9d19bca1c45220067846f,Psykologi i org og ledelse_kap2.jpg,ORG3402 Organisasjonsatferd og ledelse
56bdbb62ca1c45220067a212,MUCM45q.jpg,MRK3480 Forbrukeratferd
56c06ab9ca1c45220067b1c4,images.jpeg,MRK3480 Forbrukeratferd
56c2410eca1c45220067bf9d,Økt_5_Beslutning_trive.pptx,ORG3402 Organisasjonsatferd og ledelse
56c24694d6c60626002c2ce2,Institusjoner_Peter.ppt,KLS3551 Kulturledelse
56c48780ca1c45220067d83b,Kap 8 Læring KLASSE.ppt,MRK3480 Forbrukeratferd
56c4d550ca1c45220067dc76,Olivia og Elinor.jpg,MRK3480 Forbrukeratferd
56c58b2eca1c45220067e036,Nettverk_Peter.ppt,KLS3551 Kulturledelse
